{
  "name": "法术的流派",
  "icon": "irons_spellbooks:lightning_bottle",
  "category": "irons_spellbooks:root",
  "sortnum": 20,
  "read_by_default" : true,
  "pages": [
    {
      "type": "patchouli:text",
      "title": "Overview",
      "text": "每个法术都有其流派。无论视觉上还是功能上，每个流派都有不同的特点，并且它们都有其标志性的的制作素材。此外，每个流派都可以被不同流派的素材强化，你可以在一个流派中登峰造极，也可以混合多种流派全知全能！"
    },
    {
      "type": "patchouli:spotlight",
      "item": "minecraft:blaze_rod",
      "title": "烈焰",
      "text": "炽热的烈焰流派。以烈焰棒为标志，特点为伤害和持续伤害。"
    },
    {
      "type": "patchouli:spotlight",
      "item": "irons_spellbooks:frozen_bone",
      "title": "冰霜",
      "text": "孤傲的冰霜流派。以冰封骨头为标志，特点为伤害和群体控制。"
    },
    {
      "type": "patchouli:spotlight",
      "item": "irons_spellbooks:lightning_bottle",
      "title": "雷霆",
      "text": "万钧的雷霆流派。以雷电瓶为标志，特点为单体爆发。"
    },
    {
      "type": "patchouli:spotlight",
      "item": "irons_spellbooks:divine_pearl",
      "title": "神圣",
      "text": "圣洁的神圣流派。以神圣珍珠为标志，特点为友方恢复和增益。"
    },
    {
      "type": "patchouli:spotlight",
      "item": "minecraft:ender_pearl",
      "title": "末影",
      "text": "神秘的末影流派。以末影珍珠为标志，特点为群体伤害和机动性。"
    },
    {
      "type": "patchouli:spotlight",
      "item": "irons_spellbooks:blood_vial",
      "title": "鲜血",
      "text": "邪恶的鲜血流派。以鲜血精华为标志，特点为邪恶法术和强化自身。"
    },
    {
      "type": "patchouli:spotlight",
      "item": "minecraft:emerald",
      "title": "召唤",
      "text": "睿智的召唤流派。以绿宝石为标志，特点为种类繁多的攻防法术和实用法术。"
    },
    {
      "type": "patchouli:spotlight",
      "item": "minecraft:poisonous_potato",
      "title": "自然",
      "text": "狂野的自然流派。以毒马铃薯为标志，特点为敌方减益和元素法术。"
    },
    {
      "type": "patchouli:spotlight",
      "item": "irons_spellbooks:eldritch_manuscript",
      "title": "巫术",
      "text": "和其他流派不同，古老而强大的巫术几乎被遗忘了，你无法立即使用巫术。但你可以在世界各处找到巫术手稿的残片，并使用回响碎片修复它。"
    },
    {
      "type": "patchouli:spotlight",
      "item": "minecraft:echo_shard",
      "title": "巫术·续",
      "text": "你可以从修复的手稿中学会的一个法术，以回响碎片为标志，而后该法术即可被制作和施放。"
    }
  ]
}