{
  "name": "Чернила",
  "icon": "irons_spellbooks:epic_ink",
  "category": "irons_spellbooks:root",
  "sortnum": 4,
  "read_by_default" : true,
  "pages": [
    {
      "type": "patchouli:spotlight",
      "item": "irons_spellbooks:common_ink",
      "text": "Самые распространенные из чернил (отсюда и название). Обычные чернила позволяют создавать заклинания самого низкого уровня. Если самый низкий уровень заклинания выше обычного, его нельзя создать с использованием обычных чернил. То же самое касается и всех остальных чернил."
    },
    {
      "type": "patchouli:spotlight",
      "item": "irons_spellbooks:uncommon_ink",
      "text": "Менее распространен, чем обычный, но может создавать немного более мощные заклинания."
    },
    {
      "type": "patchouli:spotlight",
      "item": "irons_spellbooks:rare_ink",
      "text": "Редкие чернила можно будет регулярно находить в магических сундуках с сокровищами или убивая мобов, использующих заклинания."

    },
    {
      "type": "patchouli:spotlight",
      "item": "irons_spellbooks:epic_ink",
      "text": "Лучшее место для эпических чернил и всех других чернил высокой редкости — это волшебные сокровища или убийства мобов, читающих заклинания."
    },
    {
      "type": "patchouli:spotlight",
      "item": "irons_spellbooks:legendary_ink",
      "text": "Самые редкие чернила, из них можно создавать самые мощные заклинания. Имейте в виду, что некоторые заклинания имеют несколько легендарных уровней, и для их получения требуется использование Чародейской наковальни."
    },
    {
      "type": "patchouli:empty",
      "draw_filler": false
    }
  ]
}