{
  "__comment": "Instructions: https://blakesmods.com/docs/cucumber/tags-config",
  "c:ingots/aluminum": "modern_industrialization:aluminum_ingot",
  "c:ingots/constantan": "null",
  "c:ingots/tin": "mekanism:ingot_tin",
  "c:ingots/iridium": "modern_industrialization:iridium_ingot",
  "c:ingots/zinc": "null",
  "c:gems/sapphire": "irons_jewelry:sapphire",
  "c:ingots/bronze": "mekanism:ingot_bronze",
  "c:ingots/invar": "modern_industrialization:invar_ingot",
  "c:gems/ruby": "irons_jewelry:ruby",
  "c:dusts/niter": "null",
  "c:ingots/electrum": "modern_industrialization:electrum_ingot",
  "c:silicon": "ae2:silicon",
  "c:gems/apatite": "null",
  "c:ingots/brass": "null",
  "c:ingots/silver": "occultism:silver_ingot",
  "c:dusts/saltpeter": "eternal_starlight:saltpeter_powder",
  "c:ingots/steel": "mekanism:ingot_steel",
  "c:rubbers": "null",
  "c:ingots/platinum": "modern_industrialization:platinum_ingot",
  "c:dusts/sulfur": "mekanism:dust_sulfur",
  "c:ingots/lead": "mekanism:ingot_lead",
  "c:ingots/graphite": "null",
  "c:gems/peridot": "irons_jewelry:peridot",
  "c:ingots/uranium": "mekanism:ingot_uranium",
  "c:ingots/nickel": "modern_industrialization:nickel_ingot"
}