{
  "name": "游戏中期",
  "icon": "irons_spellbooks:scroll_forge",
  "category": "irons_spellbooks:root",
  "sortnum": -2,
  "read_by_default" : true,
  "pages": [
    {
      "type": "patchouli:text",
      "title": "卷轴撰写台",
      "text": "到达这一阶段后，你将可以解锁获得法术的全新方式：法术撰写台$(br2)制造法术需要用到墨水、纸与触媒（触媒包含绿宝石、烈焰棒、末影珍珠、雷电瓶、鲜血精华、神祈宝珠、冰封骸骨、回响碎片与毒马铃薯）墨水的品质决定法术的等级，触媒的种类决定法术的流派。"
    },
    {
      "type": "patchouli:crafting",
      "recipe": "irons_spellbooks:scroll_forge"
    },
    {
      "type": "patchouli:crafting",
      "title": "学徒法术书",
      "text": "学徒法术书可以使用下界材料制作。",
      "recipe": "irons_spellbooks:gold_spell_book"
    },
    {
      "type": "patchouli:crafting",
      "recipe": "irons_spellbooks:diamond_spell_book",
      "text": "疣猪皮由疣猪兽掉落。"
    },
    {
      "type": "patchouli:crafting",
      "recipe": "irons_spellbooks:magic_cloth",
      "title": "新的材料",
      "text": "现在你可以使用奥数布匹制作更好的套装。为了满足你对奥术源质的使用需求，你必须更加积极的探索魔法建筑。"
    },
    {
      "type": "patchouli:entity",
      "name": "惊悚南瓜套装",
      "entity": "minecraft:armor_stand{ArmorItems:[{id:'irons_spellbooks:pumpkin_boots',Count:1b},{id:'irons_spellbooks:pumpkin_leggings',Count:1b},{id:'irons_spellbooks:pumpkin_chestplate',Count:1b},{id:'irons_spellbooks:pumpkin_helmet',Count:1b}],NoBasePlate:1b}"
    },
    {
      "type": "patchouli:spotlight",
      "item": "irons_spellbooks:blank_rune",
      "title": "稀有材料",
      "text": "接下来，你需要使用从魔法建筑中获得的各种符文来制造更强大的套装。法师总是会掉落与自身流派相符的符文。"
    },
    {
      "type": "patchouli:empty",
      "draw_filler": false
    }
  ]
}