{
  "name": "Свитки",
  "icon": "irons_spellbooks:scroll",
  "category": "irons_spellbooks:root",
  "sortnum": 0,
  "read_by_default" : true,
  "pages": [
    {
      "type": "patchouli:spotlight",
      "title": "Свитки",
      "item": "irons_spellbooks:scroll",
      "text": "Свитки можно найти в сундуках, украсть у мобов или скрафтить. Каждый Свиток содержит заклинание с уровнем, похожее на зачарованную книгу. Аналогично, два свитка одинакового типа и уровня можно улучшить на Чародейской наковальне, как зачарованные книги."
    },
    {
      "type": "patchouli:text",
      "text": "Свитки можно использовать сами по себе для произнесения заклинания, уменьшая затраты маны и время восстановления, но при этом расходуя свиток. Прежде всего, они вписываются в книги заклинаний для дальнейшего использования или перерабатываются через Котёл Алхимика, чтобы превратиться в более полезные заклинания."
    }
  ]
}