{
	"credit": "Made with Blockbench",
	"texture_size": [64, 64],
	"textures": {
		"0": "irons_spellbooks:item/amethyst_rapier",
		"particle": "irons_spellbooks:item/amethyst_rapier"
	},
	"elements": [
		{
			"from": [6, -15.75, 6],
			"to": [10, 25, 10],
			"rotation": {"angle": 0, "axis": "y", "origin": [8, 4, 8]},
			"faces": {
				"north": {"uv": [3, 4.5, 3.75, 14.5], "texture": "#0"},
				"east": {"uv": [3.75, 4.5, 4.5, 14.5], "texture": "#0"},
				"south": {"uv": [4.5, 4.5, 5.25, 14.5], "texture": "#0"},
				"west": {"uv": [5.25, 4.5, 6, 14.5], "texture": "#0"},
				"up": {"uv": [4.5, 15.25, 3.75, 14.5], "texture": "#0"},
				"down": {"uv": [3.75, 14.5, 3, 15.25], "texture": "#0"}
			}
		},
		{
			"from": [6.5, -15.25, 6.5],
			"to": [9.5, 18.75, 9.5],
			"rotation": {"angle": 0, "axis": "y", "origin": [8, 3.75, 8]},
			"faces": {
				"north": {"uv": [0, 5.75, 0.75, 14.25], "texture": "#0"},
				"east": {"uv": [0.75, 5.75, 1.5, 14.25], "texture": "#0"},
				"south": {"uv": [1.5, 5.75, 2.25, 14.25], "texture": "#0"},
				"west": {"uv": [2.25, 5.75, 3, 14.25], "texture": "#0"},
				"up": {"uv": [1.5, 15, 0.75, 14.25], "texture": "#0"},
				"down": {"uv": [0.75, 14.25, 0, 15], "texture": "#0"}
			}
		},
		{
			"from": [5.5, -3, 5.5],
			"to": [10.5, -1, 10.5],
			"rotation": {"angle": 0, "axis": "y", "origin": [6, -3, 6]},
			"faces": {
				"north": {"uv": [0, 1.25, 1.25, 1.75], "texture": "#0"},
				"east": {"uv": [0, 1.75, 1.25, 2.25], "texture": "#0"},
				"south": {"uv": [0, 2.25, 1.25, 2.75], "texture": "#0"},
				"west": {"uv": [0, 2.75, 1.25, 3.25], "texture": "#0"},
				"up": {"uv": [1.25, 1.25, 0, 0], "texture": "#0"},
				"down": {"uv": [2.5, 0, 1.25, 1.25], "texture": "#0"}
			}
		},
		{
			"from": [5.5, -8, 5.5],
			"to": [10.5, -6, 10.5],
			"rotation": {"angle": 0, "axis": "y", "origin": [6, -8, 6]},
			"faces": {
				"north": {"uv": [0, 1.25, 1.25, 1.75], "texture": "#0"},
				"east": {"uv": [0, 1.75, 1.25, 2.25], "texture": "#0"},
				"south": {"uv": [0, 2.25, 1.25, 2.75], "texture": "#0"},
				"west": {"uv": [0, 2.75, 1.25, 3.25], "texture": "#0"},
				"up": {"uv": [1.25, 1.25, 0, 0], "texture": "#0"},
				"down": {"uv": [2.5, 0, 1.25, 1.25], "texture": "#0"}
			}
		},
		{
			"from": [1, -15, 8],
			"to": [15, 32, 8],
			"rotation": {"angle": 0, "axis": "y", "origin": [7, -7, 8]},
			"faces": {
				"north": {"uv": [9.5, 2.75, 6, 14.5], "texture": "#0"},
				"south": {"uv": [6, 2.75, 9.5, 14.5], "texture": "#0"}
			}
		}
	],
	"display": {
		"thirdperson_righthand": {
			"rotation": [0, 90, 0],
			"translation": [0, 12.25, 1.75],
			"scale": [0.75, 0.75, 0.75]
		},
		"thirdperson_lefthand": {
			"rotation": [0, -90, 0],
			"translation": [0, 12.25, 1.75],
			"scale": [0.75, 0.75, 0.75]
		},
		"firstperson_righthand": {
			"rotation": [-105, -75, -105],
			"translation": [3, 9.25, 0.75],
			"scale": [0.5, 0.5, 0.5]
		},
		"firstperson_lefthand": {
			"rotation": [-105, -75, -105],
			"translation": [3, 9.25, 0.75],
			"scale": [0.5, 0.5, 0.5]
		},
		"ground": {
			"rotation": [34, -20, 21],
			"translation": [-2, 12.5, 0],
			"scale": [0.75, 0.75, 0.75]
		},
		"gui": {
			"rotation": [0, 180, 45],
			"translation": [0.25, 0.25, 0],
			"scale": [0.5, 0.5, 0.5]
		},
		"fixed": {
			"rotation": [0, 0, 45],
			"translation": [-0.5, 0.75, -1],
			"scale": [0.75, 0.75, 0.75]
		}
	}
}