{
	"credit": "Made with Blockbench",
	"parent": "dark_sword",
	"texture_size": [32, 32],
	"textures": {
		"1": "irons_spellbooks:item/keeper_flamberge"
	},
	"elements": [
		{
			"from": [7.55, 0.1, 7.75],
			"to": [8.45, 4.5, 8.25],
			"rotation": {"angle": 0, "axis": "y", "origin": [8, -3.5, 8]},
			"faces": {
				"north": {"uv": [4, 0, 5, 5.5], "texture": "#1"},
				"east": {"uv": [4, 0, 5, 5.5], "texture": "#1"},
				"south": {"uv": [4, 0, 5, 5.5], "texture": "#1"},
				"west": {"uv": [4, 0, 5, 5.5], "texture": "#1"},
				"up": {"uv": [5, 5.5, 4, 4.5], "texture": "#1"},
				"down": {"uv": [5, 4.5, 4, 5.5], "texture": "#1"}
			}
		},
		{
			"from": [7.235, 4.485, 7.735],
			"to": [8.765, 6.26, 8.265],
			"rotation": {"angle": 0, "axis": "y", "origin": [8, -2.5, 8]},
			"faces": {
				"north": {"uv": [1.5, 14.25, 0, 16], "texture": "#1"},
				"east": {"uv": [1, 14.25, 1.5, 16], "texture": "#1"},
				"south": {"uv": [0, 14.25, 1.5, 16], "texture": "#1"},
				"west": {"uv": [0, 14.25, 0.5, 16], "texture": "#1"},
				"up": {"uv": [1.5, 15, 0, 14.25], "texture": "#1"},
				"down": {"uv": [1.5, 14.25, 0, 15], "texture": "#1"}
			}
		},
		{
			"from": [7.75, 6.285, 7.71],
			"to": [8.28, 21.96, 8.27],
			"rotation": {"angle": 0, "axis": "y", "origin": [8, -2.5, 8]},
			"faces": {
				"north": {"uv": [2, 0, 1.5, 16], "texture": "#1"},
				"east": {"uv": [1, 14.5, 1.5, 16], "texture": "#1"},
				"south": {"uv": [1.5, 0, 2, 16], "texture": "#1"},
				"west": {"uv": [0, 14.5, 0.5, 16], "texture": "#1"},
				"up": {"uv": [1.5, 15, 0, 14.5], "texture": "#1"},
				"down": {"uv": [1.5, 14.5, 0, 15], "texture": "#1"}
			}
		},
		{
			"from": [8.745, 4.495, 7.745],
			"to": [10.255, 5.35, 8.255],
			"rotation": {"angle": 22.5, "axis": "z", "origin": [8.7, 4.5, 8]},
			"faces": {
				"north": {"uv": [2.5, 13, 4, 14], "texture": "#1"},
				"east": {"uv": [2.5, 13, 3, 14], "texture": "#1"},
				"south": {"uv": [4, 13, 2.5, 14], "texture": "#1"},
				"west": {"uv": [2.5, 13, 3, 14], "texture": "#1"},
				"up": {"uv": [4, 14.5, 2.5, 14], "texture": "#1"},
				"down": {"uv": [4, 14, 2.5, 14.5], "texture": "#1"}
			}
		},
		{
			"from": [8.745, 4.495, 7.99],
			"to": [11.255, 6.35, 8.01],
			"rotation": {"angle": 22.5, "axis": "z", "origin": [8.7, 4.5, 8]},
			"faces": {
				"north": {"uv": [4.5, 12.5, 7.5, 14.5], "texture": "#1"},
				"east": {"uv": [0, 0, 0, 0], "texture": "#1"},
				"south": {"uv": [7.5, 12.5, 4.5, 14.5], "texture": "#1"},
				"west": {"uv": [0, 0, 0, 0], "texture": "#1"},
				"up": {"uv": [0, 0, 0, 0], "texture": "#1"},
				"down": {"uv": [0, 0, 0, 0], "texture": "#1"}
			}
		},
		{
			"from": [5.745, 4.495, 7.745],
			"to": [7.255, 5.35, 8.255],
			"rotation": {"angle": -22.5, "axis": "z", "origin": [7.3, 4.5, 8]},
			"faces": {
				"north": {"uv": [4, 13, 2.5, 14], "texture": "#1"},
				"east": {"uv": [3.5, 13, 4, 14], "texture": "#1"},
				"south": {"uv": [2.5, 13, 4, 14], "texture": "#1"},
				"west": {"uv": [2.5, 13, 3, 14], "texture": "#1"},
				"up": {"uv": [4, 14.5, 2.5, 14], "texture": "#1"},
				"down": {"uv": [4, 14, 2.5, 14.5], "texture": "#1"}
			}
		},
		{
			"from": [4.745, 4.495, 7.99],
			"to": [7.255, 6.35, 8.01],
			"rotation": {"angle": -22.5, "axis": "z", "origin": [7.3, 4.5, 8]},
			"faces": {
				"north": {"uv": [7.5, 12.5, 4.5, 14.5], "texture": "#1"},
				"east": {"uv": [0, 0, 0, 0], "texture": "#1"},
				"south": {"uv": [4.5, 12.5, 7.5, 14.5], "texture": "#1"},
				"west": {"uv": [0, 0, 0, 0], "texture": "#1"},
				"up": {"uv": [0, 0, 0, 0], "texture": "#1"},
				"down": {"uv": [0, 0, 0, 0], "texture": "#1"}
			}
		},
		{
			"from": [7.245, 20.295, 7.745],
			"to": [8.755, 22.075, 8.255],
			"rotation": {"angle": 0, "axis": "y", "origin": [8, 3.2, 8]},
			"faces": {
				"north": {"uv": [1.5, 0.85, 0, 2.35], "texture": "#1"},
				"east": {"uv": [1, 0.85, 1.5, 2.35], "texture": "#1"},
				"south": {"uv": [0, 0.85, 1.5, 2.35], "texture": "#1"},
				"west": {"uv": [0, 0.85, 0.5, 2.35], "texture": "#1"},
				"up": {"uv": [1.5, 2.35, 0, 1.85], "texture": "#1"},
				"down": {"uv": [1.5, 1.85, 0, 2.35], "texture": "#1"}
			}
		},
		{
			"from": [7.145, 5.945, 7.745],
			"to": [8.655, 7.3, 8.255],
			"rotation": {"angle": -22.5, "axis": "z", "origin": [7.9, 5.95, 8]},
			"faces": {
				"north": {"uv": [0, 12, 1.5, 13.5], "texture": "#1"},
				"east": {"uv": [1, 12, 1.5, 13.5], "texture": "#1"},
				"south": {"uv": [0, 12, 1.5, 13.5], "texture": "#1"},
				"west": {"uv": [0, 12, 0.5, 13.5], "texture": "#1"},
				"up": {"uv": [1.5, 13.5, 0, 13], "texture": "#1"},
				"down": {"uv": [1.5, 13, 0, 13.5], "texture": "#1"}
			}
		},
		{
			"from": [7.885, 9.585, 7.735],
			"to": [9.415, 11.96, 8.265],
			"rotation": {"angle": 22.5, "axis": "z", "origin": [7.9, 9.15, 8]},
			"faces": {
				"north": {"uv": [1.5, 7.5, 0, 10], "texture": "#1"},
				"east": {"uv": [1, 7.5, 1.5, 10], "texture": "#1"},
				"south": {"uv": [0, 7.5, 1.5, 10], "texture": "#1"},
				"west": {"uv": [0, 7.5, 0.5, 10], "texture": "#1"},
				"up": {"uv": [1.5, 10, 0, 9.5], "texture": "#1"},
				"down": {"uv": [1.5, 9.5, 0, 10], "texture": "#1"}
			}
		},
		{
			"from": [7.145, 14.595, 7.745],
			"to": [8.655, 16.95, 8.255],
			"rotation": {"angle": -22.5, "axis": "z", "origin": [7.9, 15.6, 8]},
			"faces": {
				"north": {"uv": [1.5, 3.5, 0, 6], "texture": "#1"},
				"east": {"uv": [1, 3.5, 1.5, 6], "texture": "#1"},
				"south": {"uv": [0, 3.5, 1.5, 6], "texture": "#1"},
				"west": {"uv": [0, 3.5, 0.5, 6], "texture": "#1"},
				"up": {"uv": [1.5, 6.5, 0, 6], "texture": "#1"},
				"down": {"uv": [1.5, 6, 0, 6.5], "texture": "#1"}
			}
		},
		{
			"from": [7.885, 12.785, 7.735],
			"to": [9.415, 15.16, 8.265],
			"rotation": {"angle": 22.5, "axis": "z", "origin": [7.9, 12.35, 8]},
			"faces": {
				"north": {"uv": [1.5, 6, 0, 8.5], "texture": "#1"},
				"east": {"uv": [1, 6, 1.5, 8.5], "texture": "#1"},
				"south": {"uv": [0, 6, 1.5, 8.5], "texture": "#1"},
				"west": {"uv": [0, 6, 0.5, 8.5], "texture": "#1"},
				"up": {"uv": [1.5, 8.5, 0, 8], "texture": "#1"},
				"down": {"uv": [1.5, 8, 0, 8.5], "texture": "#1"}
			}
		},
		{
			"from": [7.145, 17.795, 7.745],
			"to": [8.655, 20.15, 8.255],
			"rotation": {"angle": -22.5, "axis": "z", "origin": [7.9, 18.8, 8]},
			"faces": {
				"north": {"uv": [1.5, 0.5, 0, 3], "texture": "#1"},
				"east": {"uv": [1, 0.5, 1.5, 3], "texture": "#1"},
				"south": {"uv": [1.5, 0.5, 0, 3], "texture": "#1"},
				"west": {"uv": [0, 0.5, 0.5, 3], "texture": "#1"},
				"up": {"uv": [1.5, 3.5, 0, 3], "texture": "#1"},
				"down": {"uv": [1.5, 3, 0, 3.5], "texture": "#1"}
			}
		},
		{
			"from": [7.885, 15.985, 7.735],
			"to": [9.415, 18.36, 8.265],
			"rotation": {"angle": 22.5, "axis": "z", "origin": [7.9, 15.55, 8]},
			"faces": {
				"north": {"uv": [1.5, 2, 0, 4.5], "texture": "#1"},
				"east": {"uv": [1, 2, 1.5, 4.5], "texture": "#1"},
				"south": {"uv": [0, 2, 1.5, 4.5], "texture": "#1"},
				"west": {"uv": [0, 2, 0.5, 4.5], "texture": "#1"},
				"up": {"uv": [1.5, 4.5, 0, 4], "texture": "#1"},
				"down": {"uv": [1.5, 4, 0, 4.5], "texture": "#1"}
			}
		},
		{
			"from": [7.885, 19.185, 7.735],
			"to": [9.415, 20.46, 8.265],
			"rotation": {"angle": 22.5, "axis": "z", "origin": [7.9, 18.75, 8]},
			"faces": {
				"north": {"uv": [1.5, 1.5, 0, 3], "texture": "#1"},
				"east": {"uv": [1, 1.5, 1.5, 3], "texture": "#1"},
				"south": {"uv": [0, 1.5, 1.5, 3], "texture": "#1"},
				"west": {"uv": [0, 1.5, 0.5, 3], "texture": "#1"},
				"up": {"uv": [1.5, 1.5, 0, 1], "texture": "#1"},
				"down": {"uv": [1.5, 1, 0, 1.5], "texture": "#1"}
			}
		},
		{
			"from": [7.145, 11.395, 7.745],
			"to": [8.655, 13.75, 8.255],
			"rotation": {"angle": -22.5, "axis": "z", "origin": [7.9, 12.4, 8]},
			"faces": {
				"north": {"uv": [1.5, 6.5, 0, 9], "texture": "#1"},
				"east": {"uv": [1, 6.5, 1.5, 9], "texture": "#1"},
				"south": {"uv": [0, 6.5, 1.5, 9], "texture": "#1"},
				"west": {"uv": [0, 6.5, 0.5, 9], "texture": "#1"},
				"up": {"uv": [1.5, 8.5, 0, 8], "texture": "#1"},
				"down": {"uv": [1.5, 8, 0, 8.5], "texture": "#1"}
			}
		},
		{
			"from": [7.145, 8.145, 7.745],
			"to": [8.655, 10.5, 8.255],
			"rotation": {"angle": -22.5, "axis": "z", "origin": [7.9, 9.15, 8]},
			"faces": {
				"north": {"uv": [1.5, 9, 0, 11.5], "texture": "#1"},
				"east": {"uv": [1, 9, 1.5, 11.5], "texture": "#1"},
				"south": {"uv": [0, 9, 1.5, 11.5], "texture": "#1"},
				"west": {"uv": [0, 9, 0.5, 11.5], "texture": "#1"},
				"up": {"uv": [1.5, 11.5, 0, 11], "texture": "#1"},
				"down": {"uv": [1.5, 11, 0, 11.5], "texture": "#1"}
			}
		},
		{
			"from": [7.894, 6.394, 7.744],
			"to": [9.406, 8.751, 8.256],
			"rotation": {"angle": 22.5, "axis": "z", "origin": [7.9, 5.95, 8]},
			"faces": {
				"north": {"uv": [1.5, 10, 0, 12.5], "texture": "#1"},
				"east": {"uv": [1, 10, 1.5, 12.5], "texture": "#1"},
				"south": {"uv": [0, 10, 1.5, 12.5], "texture": "#1"},
				"west": {"uv": [0, 10, 0.5, 12.5], "texture": "#1"},
				"up": {"uv": [1.5, 12, 0, 11.5], "texture": "#1"},
				"down": {"uv": [1.5, 11.5, 0, 12], "texture": "#1"}
			}
		},
		{
			"from": [6.315, 22.015, 7.74],
			"to": [7.385, 23.08, 8.26],
			"rotation": {"angle": 45, "axis": "z", "origin": [8, 23.7, 8]},
			"faces": {
				"north": {"uv": [2, 0, 3, 1], "texture": "#1"},
				"east": {"uv": [2, 0, 2.5, 1], "texture": "#1"},
				"south": {"uv": [2, 0, 3, 1], "texture": "#1"},
				"west": {"uv": [2, 0, 2.5, 1], "texture": "#1"},
				"up": {"uv": [2.5, 0, 2, 1], "rotation": 90, "texture": "#1"},
				"down": {"uv": [2, 1, 2.5, 0], "rotation": 90, "texture": "#1"}
			}
		}
	],
	"display": {
		"thirdperson_righthand": {
			"rotation": [0, -83, 0],
			"translation": [0, 6.25, 1.75],
			"scale": [1.5, 1.5, 1.5]
		},
		"thirdperson_lefthand": {
			"rotation": [0, -99, 0],
			"translation": [0, 6.25, 1.75],
			"scale": [1.5, 1.5, 1.5]
		},
		"firstperson_righthand": {
			"rotation": [0, -85, 0],
			"translation": [0, 5.5, 0]
		},
		"firstperson_lefthand": {
			"rotation": [0, -58, 0],
			"translation": [5, 4.75, -2.25]
		},
		"ground": {
			"rotation": [0, -17, 180],
			"translation": [0, 11.5, 0]
		},
		"gui": {
			"rotation": [26, -1, -42],
			"translation": [-2.25, -2.25, 0]
		},
		"head": {
			"translation": [0, 0, 7.5]
		}
	},
	"groups": [
		{
			"name": "flambard",
			"origin": [8, 32, 8],
			"color": 0,
			"children": [0, 1, 2, 3, 4, 5, 6, 7, 8, 9, 10, 11, 12, 13, 14, 15, 16, 17, 18]
		}
	]
}