{
	"credit": "Made with Blockbench",
	"texture_size": [64, 64],
	"textures": {
		"0": "irons_spellbooks:item/spellbreaker",
		"particle": "irons_spellbooks:item/spellbreaker"
	},
	"elements": [
		{
			"from": [5, -8, 8],
			"to": [11, 32, 8],
			"rotation": {"angle": 0, "axis": "z", "origin": [7, 0, 8]},
			"faces": {
				"north": {"uv": [0, 0, 1.5, 10], "texture": "#0"},
				"south": {"uv": [1.5, 0, 0, 10], "texture": "#0"}
			}
		},
		{
			"from": [7, -16, 7],
			"to": [9, 4, 9],
			"rotation": {"angle": 0, "axis": "z", "origin": [7, 0, 7]},
			"faces": {
				"north": {"uv": [5, 5, 5.5, 10], "texture": "#0"},
				"east": {"uv": [5.5, 5, 6, 10], "texture": "#0"},
				"south": {"uv": [5.5, 5, 5, 10], "texture": "#0"},
				"west": {"uv": [6, 5, 6.5, 10], "texture": "#0"},
				"up": {"uv": [6.25, 0.5, 5.75, 0], "texture": "#0"},
				"down": {"uv": [6.75, 0, 6.25, 0.5], "texture": "#0"}
			}
		},
		{
			"from": [7.5, 4, 7.5],
			"to": [8.5, 24, 8.5],
			"rotation": {"angle": 0, "axis": "z", "origin": [7, 0, 7]},
			"faces": {
				"north": {"uv": [5, 0, 5.25, 5], "texture": "#0"},
				"east": {"uv": [5.25, 0, 5.5, 5], "texture": "#0"},
				"south": {"uv": [5.25, 0, 5, 5], "texture": "#0"},
				"west": {"uv": [5.25, 0, 5.5, 5], "texture": "#0"},
				"up": {"uv": [5.75, 0.25, 5.5, 0], "texture": "#0"},
				"down": {"uv": [5.75, 0.25, 5.5, 0.5], "texture": "#0"}
			}
		},
		{
			"from": [4, -8, 7],
			"to": [12, -7, 9],
			"rotation": {"angle": 0, "axis": "z", "origin": [7, -8, 7]},
			"faces": {
				"north": {"uv": [5.5, 0.5, 7.5, 0.75], "texture": "#0"},
				"east": {"uv": [5.5, 1.75, 6, 2], "texture": "#0"},
				"south": {"uv": [5.5, 0.75, 7.5, 1], "texture": "#0"},
				"west": {"uv": [5.5, 1.5, 6, 1.75], "texture": "#0"},
				"up": {"uv": [8, 2, 6, 1.5], "texture": "#0"},
				"down": {"uv": [7.5, 1, 5.5, 1.5], "texture": "#0"}
			}
		},
		{
			"from": [6.5, -15, 6.5],
			"to": [9.5, -14, 9.5],
			"rotation": {"angle": 0, "axis": "z", "origin": [7, -15, 7]},
			"faces": {
				"north": {"uv": [6.25, 2.75, 7, 3], "texture": "#0"},
				"east": {"uv": [5.5, 2.75, 6.25, 3], "texture": "#0"},
				"south": {"uv": [6.25, 3, 7, 3.25], "texture": "#0"},
				"west": {"uv": [5.5, 3, 6.25, 3.25], "texture": "#0"},
				"up": {"uv": [6.25, 2.75, 5.5, 2], "texture": "#0"},
				"down": {"uv": [7, 2, 6.25, 2.75], "texture": "#0"}
			}
		}
	],
	"display": {
		"thirdperson_righthand": {
			"rotation": [0, 90, 0],
			"translation": [0, 12.25, 1],
			"scale": [0.75, 0.75, 0.75]
		},
		"thirdperson_lefthand": {
			"rotation": [0, 90, 0],
			"translation": [0, 12.25, 1],
			"scale": [0.75, 0.75, 0.75]
		},
		"firstperson_righthand": {
			"rotation": [-150, -75, -160],
			"translation": [2, 14.75, 3],
			"scale": [0.75, 0.75, 0.75]
		},
		"firstperson_lefthand": {
			"rotation": [-159, -75, -160],
			"translation": [2, 14.75, 3],
			"scale": [0.75, 0.75, 0.75]
		},
		"ground": {
			"rotation": [150.4, -81.63, 157.43],
			"translation": [0, 2.25, 0],
			"scale": [0.25, 0.25, 0.25]
		},
		"gui": {
			"rotation": [0, 0, -45],
			"translation": [-0.25, -0.25, 0],
			"scale": [0.5, 0.5, 0.5]
		},
		"fixed": {
			"rotation": [0, 0, 45],
			"scale": [0.75, 0.75, 0.75]
		}
	}
}