{
	"credit": "Made with Blockbench",
	"texture_size": [64, 64],
	"textures": {
		"1": "cataclysm:item/infernal_forge",
		"particle": "cataclysm:item/infernal_forge"
	},
	"elements": [
		{
			"from": [6, -8, 6],
			"to": [10, -6, 10],
			"rotation": {"angle": 0, "axis": "y", "origin": [7, -9, 7]},
			"faces": {
				"north": {"uv": [5, 1, 6, 1.5], "texture": "#1"},
				"east": {"uv": [5, 1.5, 6, 2], "texture": "#1"},
				"south": {"uv": [5, 3.5, 6, 4], "texture": "#1"},
				"west": {"uv": [5, 3, 6, 3.5], "texture": "#1"},
				"up": {"uv": [6, 1, 5, 0], "texture": "#1"},
				"down": {"uv": [6, 2, 5, 3], "texture": "#1"}
			}
		},
		{
			"from": [6, 2, 6],
			"to": [10, 4, 10],
			"rotation": {"angle": 0, "axis": "y", "origin": [7, 1, 7]},
			"faces": {
				"north": {"uv": [5, 1, 6, 1.5], "texture": "#1"},
				"east": {"uv": [5, 1.5, 6, 2], "texture": "#1"},
				"south": {"uv": [5, 3.5, 6, 4], "texture": "#1"},
				"west": {"uv": [5, 3, 6, 3.5], "texture": "#1"},
				"up": {"uv": [6, 1, 5, 0], "texture": "#1"},
				"down": {"uv": [6, 2, 5, 3], "texture": "#1"}
			}
		},
		{
			"from": [6, 7, 6],
			"to": [10, 9, 10],
			"rotation": {"angle": 0, "axis": "y", "origin": [7, 6, 7]},
			"faces": {
				"north": {"uv": [5, 1, 6, 1.5], "texture": "#1"},
				"east": {"uv": [5, 1.5, 6, 2], "texture": "#1"},
				"south": {"uv": [5, 3.5, 6, 4], "texture": "#1"},
				"west": {"uv": [5, 3, 6, 3.5], "texture": "#1"},
				"up": {"uv": [6, 1, 5, 0], "texture": "#1"},
				"down": {"uv": [6, 2, 5, 3], "texture": "#1"}
			}
		},
		{
			"from": [6.5, -9, 6.5],
			"to": [9.5, 17, 9.5],
			"rotation": {"angle": 0, "axis": "y", "origin": [7, 1, 7]},
			"faces": {
				"north": {"uv": [2.75, 0, 3.5, 6.5], "texture": "#1"},
				"east": {"uv": [2, 0, 2.75, 6.5], "texture": "#1"},
				"south": {"uv": [4.25, 0, 5, 6.5], "texture": "#1"},
				"west": {"uv": [3.5, 0, 4.25, 6.5], "texture": "#1"}
			}
		},
		{
			"from": [7, -9, 7],
			"to": [9, 17, 9],
			"rotation": {"angle": 0, "axis": "y", "origin": [7, 1, 7]},
			"faces": {
				"north": {"uv": [0.5, 0, 1, 6.5], "texture": "#1"},
				"east": {"uv": [0, 0, 0.5, 6.5], "texture": "#1"},
				"south": {"uv": [1.5, 0, 2, 6.5], "texture": "#1"},
				"west": {"uv": [1, 0, 1.5, 6.5], "texture": "#1"},
				"up": {"uv": [0.5, 7, 0, 6.5], "texture": "#1"},
				"down": {"uv": [1, 6.5, 0.5, 7], "texture": "#1"}
			}
		},
		{
			"from": [8.25, 10, -2.5],
			"to": [8.25, 12, 6.5],
			"rotation": {"angle": 22.5, "axis": "y", "origin": [8.25, 12.5, 6.5]},
			"faces": {
				"east": {"uv": [7.25, 0.75, 9.5, 1.25], "texture": "#1"},
				"west": {"uv": [9.5, 0.75, 7.25, 1.25], "texture": "#1"}
			}
		},
		{
			"from": [8, 12.5, -2.5],
			"to": [8, 15.5, 6.5],
			"rotation": {"angle": -22.5, "axis": "y", "origin": [8, 14, 6.5]},
			"faces": {
				"east": {"uv": [7.25, 0, 9.5, 0.75], "texture": "#1"},
				"west": {"uv": [9.5, 0, 7.25, 0.75], "texture": "#1"}
			}
		},
		{
			"from": [5, 19, 5.5],
			"to": [11, 30, 10.5],
			"rotation": {"angle": 0, "axis": "y", "origin": [7, 19, 7]},
			"faces": {
				"north": {"uv": [7.75, 2.25, 9, 5], "texture": "#1"},
				"east": {"uv": [9, 2.25, 10.25, 5], "texture": "#1"},
				"south": {"uv": [9, 2.25, 7.75, 5], "texture": "#1"},
				"west": {"uv": [9, 2.25, 10.25, 5], "texture": "#1"},
				"up": {"uv": [9, 6.25, 7.75, 5], "texture": "#1"},
				"down": {"uv": [10.25, 5, 9, 6.25], "texture": "#1"}
			}
		},
		{
			"from": [8, 16, -3],
			"to": [8, 32, 19],
			"rotation": {"angle": 0, "axis": "y", "origin": [7, 19, 7]},
			"faces": {
				"east": {"uv": [5.5, 7, 0, 11], "texture": "#1"},
				"west": {"uv": [0, 7, 5.5, 11], "texture": "#1"}
			}
		},
		{
			"from": [6.5, 16, 6.5],
			"to": [9.5, 19, 9.5],
			"rotation": {"angle": 0, "axis": "y", "origin": [7, 11, 7]},
			"faces": {
				"north": {"uv": [6, 3, 6.75, 3.75], "texture": "#1"},
				"east": {"uv": [6, 0.75, 6.75, 1.5], "texture": "#1"},
				"south": {"uv": [6, 3.75, 6.75, 4.5], "texture": "#1"},
				"west": {"uv": [6, 1.5, 6.75, 2.25], "texture": "#1"},
				"up": {"uv": [6.75, 0.75, 6, 0], "texture": "#1"},
				"down": {"uv": [6.75, 2.25, 6, 3], "texture": "#1"}
			}
		},
		{
			"from": [6, 20, 3],
			"to": [10, 29, 6],
			"rotation": {"angle": 0, "axis": "y", "origin": [7, 19, 7]},
			"faces": {
				"east": {"uv": [10.25, 0, 9.5, 2.25], "texture": "#1"},
				"west": {"uv": [9.5, 0, 10.25, 2.25], "texture": "#1"},
				"up": {"uv": [11.25, 4.5, 10.25, 3.75], "texture": "#1"},
				"down": {"uv": [11.25, 0, 10.25, 0.75], "texture": "#1"}
			}
		},
		{
			"from": [6, 20, 10],
			"to": [10, 29, 13],
			"rotation": {"angle": 0, "axis": "y", "origin": [7, 19, 14]},
			"faces": {
				"east": {"uv": [9.5, 0, 10.25, 2.25], "texture": "#1"},
				"west": {"uv": [10.25, 0, 9.5, 2.25], "texture": "#1"},
				"up": {"uv": [11.25, 3.75, 10.25, 4.5], "texture": "#1"},
				"down": {"uv": [11.25, 0.75, 10.25, 0], "texture": "#1"}
			}
		},
		{
			"from": [4, 19, 13],
			"to": [12, 30, 17],
			"rotation": {"angle": 0, "axis": "y", "origin": [7, 19, 17]},
			"faces": {
				"north": {"uv": [11.25, 1, 13.25, 3.75], "texture": "#1"},
				"east": {"uv": [10.25, 1, 11.25, 3.75], "texture": "#1"},
				"south": {"uv": [11.25, 4.75, 13.25, 7.5], "texture": "#1"},
				"west": {"uv": [10.25, 4.75, 11.25, 7.5], "texture": "#1"},
				"up": {"uv": [13.25, 1, 11.25, 0], "texture": "#1"},
				"down": {"uv": [13.25, 3.75, 11.25, 4.75], "texture": "#1"}
			}
		},
		{
			"from": [4, 19, -1],
			"to": [12, 30, 3],
			"rotation": {"angle": 0, "axis": "y", "origin": [7, 19, 3]},
			"faces": {
				"north": {"uv": [11.25, 4.75, 13.25, 7.5], "texture": "#1"},
				"east": {"uv": [11.25, 1, 10.25, 3.75], "texture": "#1"},
				"south": {"uv": [11.25, 1, 13.25, 3.75], "texture": "#1"},
				"west": {"uv": [11.25, 4.75, 10.25, 7.5], "texture": "#1"},
				"up": {"uv": [13.25, 0, 11.25, 1], "texture": "#1"},
				"down": {"uv": [13.25, 4.75, 11.25, 3.75], "texture": "#1"}
			}
		},
		{
			"from": [3, 17, 17],
			"to": [13, 32, 18],
			"rotation": {"angle": 0, "axis": "y", "origin": [7, 19, 17]},
			"faces": {
				"north": {"uv": [16, 0.25, 13.5, 4], "texture": "#1"},
				"east": {"uv": [13.25, 4.25, 13.5, 8], "texture": "#1"},
				"south": {"uv": [16, 4.25, 13.5, 8], "texture": "#1"},
				"west": {"uv": [13.25, 0.25, 13.5, 4], "texture": "#1"},
				"up": {"uv": [16, 4.25, 13.5, 4], "texture": "#1"},
				"down": {"uv": [16, 0, 13.5, 0.25], "texture": "#1"}
			}
		},
		{
			"from": [3, 17, -2],
			"to": [13, 32, -1],
			"rotation": {"angle": 0, "axis": "y", "origin": [7, 19, -2]},
			"faces": {
				"north": {"uv": [13.5, 4.25, 16, 8], "texture": "#1"},
				"east": {"uv": [13.25, 4.25, 13.5, 8], "texture": "#1"},
				"south": {"uv": [13.5, 0.25, 16, 4], "texture": "#1"},
				"west": {"uv": [13.25, 0.25, 13.5, 4], "texture": "#1"},
				"up": {"uv": [16, 4.25, 13.5, 4], "texture": "#1"},
				"down": {"uv": [16, 0, 13.5, 0.25], "texture": "#1"}
			}
		},
		{
			"from": [6, -16, 8],
			"to": [10, -8, 8],
			"rotation": {"angle": 22.5, "axis": "y", "origin": [8, -12, 8]},
			"faces": {
				"north": {"uv": [7.75, 1.25, 6.75, 3.25], "texture": "#1"},
				"south": {"uv": [6.75, 1.25, 7.75, 3.25], "texture": "#1"}
			}
		},
		{
			"from": [7, 29.5, 7],
			"to": [9, 31.5, 9],
			"rotation": {"angle": 0, "axis": "y", "origin": [7, 29.5, 7]},
			"faces": {
				"north": {"uv": [7.25, 3.75, 7.75, 4.25], "texture": "#1"},
				"east": {"uv": [6.75, 3.75, 7.25, 4.25], "texture": "#1"},
				"south": {"uv": [7.25, 4.25, 7.75, 4.75], "texture": "#1"},
				"west": {"uv": [6.75, 4.25, 7.25, 4.75], "texture": "#1"},
				"up": {"uv": [7.25, 3.75, 6.75, 3.25], "texture": "#1"},
				"down": {"uv": [7.75, 3.25, 7.25, 3.75], "texture": "#1"}
			}
		}
	],
	"display": {
		"thirdperson_righthand": {
			"translation": [0.25, 5.5, 1.5],
			"scale": [0.75, 0.75, 0.75]
		},
		"thirdperson_lefthand": {
			"translation": [0.25, 5.5, 1.5],
			"scale": [0.75, 0.75, 0.75]
		},
		"firstperson_righthand": {
			"rotation": [-15, 15, -2.5],
			"translation": [1.75, 0.25, -0.25],
			"scale": [0.5, 0.5, 0.5]
		},
		"firstperson_lefthand": {
			"rotation": [-15, 15, 2.5],
			"translation": [1.75, 0.25, -0.25],
			"scale": [0.5, 0.5, 0.5]
		},
		"ground": {
			"rotation": [180, 0, 0],
			"translation": [0, 8.5, 0],
			"scale": [0.5, 0.5, 0.5]
		},
		"gui": {
			"rotation": [-90, -55, -88],
			"translation": [-1.5, -0.25, 0],
			"scale": [0.37, 0.37, 0.37]
		},
		"fixed": {
			"rotation": [162.37, 81.98, -167.5],
			"translation": [0, -1, -1.5],
			"scale": [0.5, 0.5, 0.5]
		}
	}
}