{
	"credit": "Made with Blockbench",
	"texture_size": [48, 48],
	"textures": {
		"0": "cataclysm:item/tidal_claws",
		"particle": "cataclysm:item/tidal_claws"
	},
	"elements": [
		{
			"from": [11, 5.5, 5.5],
			"to": [15, 10.5, 10.5],
			"rotation": {"angle": 0, "axis": "x", "origin": [14.5, 8, 8]},
			"faces": {
				"north": {"uv": [7.66667, 0, 9, 1.66667], "texture": "#0"},
				"east": {"uv": [6, 0, 7.66667, 1.66667], "texture": "#0"},
				"south": {"uv": [7.66667, 1.66667, 9, 3.33333], "texture": "#0"},
				"west": {"uv": [6, 1.66667, 7.66667, 3.33333], "texture": "#0"},
				"up": {"uv": [2.66667, 9.66667, 1.33333, 8], "texture": "#0"},
				"down": {"uv": [2.66667, 9.66667, 1.33334, 8], "texture": "#0"}
			}
		},
		{
			"from": [9.3, 10.5, 4.5],
			"to": [11, 10.5, 11.5],
			"rotation": {"angle": 0, "axis": "y", "origin": [12.5, 8, 8]},
			"faces": {
				"north": {"uv": [0, 0, 0.66667, 0], "texture": "#0"},
				"east": {"uv": [0, 0, 1.66667, 0], "texture": "#0"},
				"south": {"uv": [0, 0, 0.66667, 0], "texture": "#0"},
				"west": {"uv": [0, 0, 1.66667, 0], "texture": "#0"},
				"up": {"uv": [8, 11.66667, 7.33333, 9.33333], "texture": "#0"},
				"down": {"uv": [8, 9.33333, 7.33333, 11.66667], "texture": "#0"}
			}
		},
		{
			"from": [9.3, 5.5, 4.5],
			"to": [11, 5.5, 11.5],
			"rotation": {"angle": 0, "axis": "y", "origin": [12.5, 8, 8]},
			"faces": {
				"north": {"uv": [0, 0, 0.66667, 0], "texture": "#0"},
				"east": {"uv": [0, 0, 1.66667, 0], "texture": "#0"},
				"south": {"uv": [0, 0, 0.66667, 0], "texture": "#0"},
				"west": {"uv": [0, 0, 1.66667, 0], "texture": "#0"},
				"up": {"uv": [8, 11.66667, 7.33333, 9.33333], "texture": "#0"},
				"down": {"uv": [8, 9.33333, 7.33333, 11.66667], "texture": "#0"}
			}
		},
		{
			"from": [7, 6, 7],
			"to": [9, 10, 9],
			"rotation": {"angle": -22.5, "axis": "y", "origin": [13, 8, 6.5]},
			"faces": {
				"north": {"uv": [8, 9.33333, 8.66667, 10.66667], "texture": "#0"},
				"east": {"uv": [8.66667, 9.33333, 9.33333, 10.66667], "texture": "#0"},
				"south": {"uv": [9.33333, 9, 10, 10.33333], "texture": "#0"},
				"west": {"uv": [9.66667, 0, 10.33333, 1.33333], "texture": "#0"},
				"up": {"uv": [3.33333, 4, 2.66667, 3.33333], "texture": "#0"},
				"down": {"uv": [3.33333, 3.33333, 2.66667, 4], "texture": "#0"}
			}
		},
		{
			"from": [7, 5.6, 5],
			"to": [9, 10.35, 7],
			"rotation": {"angle": -22.5, "axis": "y", "origin": [13, 7.6, 6.5]},
			"faces": {
				"north": {"uv": [10, 5.33333, 10.66667, 6.66667], "texture": "#0"},
				"east": {"uv": [6.66667, 10, 7.33333, 11.33333], "texture": "#0"},
				"south": {"uv": [10, 6.66667, 10.66667, 8], "texture": "#0"},
				"west": {"uv": [10, 8, 10.66667, 9.33333], "texture": "#0"},
				"up": {"uv": [11.33333, 3.33333, 10.66667, 2.66667], "texture": "#0"},
				"down": {"uv": [11.33333, 2.66667, 10.66667, 3.33333], "texture": "#0"}
			}
		},
		{
			"from": [9, 5, 4],
			"to": [13, 11, 6],
			"rotation": {"angle": -22.5, "axis": "y", "origin": [13, 8, 6.5]},
			"faces": {
				"north": {"uv": [4.66667, 6, 6, 8], "texture": "#0"},
				"east": {"uv": [8.66667, 7.33333, 9.33333, 9.33333], "texture": "#0"},
				"south": {"uv": [6, 6, 7.33333, 8], "texture": "#0"},
				"west": {"uv": [8.66667, 7.33333, 9.33333, 9.33333], "texture": "#0"},
				"up": {"uv": [11, 2.66667, 9.66667, 2], "texture": "#0"},
				"down": {"uv": [11, 2, 9.66667, 2.66667], "texture": "#0"}
			}
		},
		{
			"from": [9, 5, 6],
			"to": [13, 11, 8],
			"rotation": {"angle": -22.5, "axis": "y", "origin": [13, 8, 6.5]},
			"faces": {
				"north": {"uv": [0, 7.33333, 1.33333, 9.33333], "texture": "#0"},
				"east": {"uv": [9, 0, 9.66667, 2], "texture": "#0"},
				"south": {"uv": [7.33333, 3.33333, 8.66667, 5.33333], "texture": "#0"},
				"west": {"uv": [0, 9.33333, 0.66667, 11.33333], "texture": "#0"},
				"up": {"uv": [11.33333, 5.33333, 10, 4.66667], "texture": "#0"},
				"down": {"uv": [11.33333, 4.66667, 10, 5.33333], "texture": "#0"}
			}
		},
		{
			"from": [9, 5, 8],
			"to": [13, 11, 10],
			"rotation": {"angle": 22.5, "axis": "y", "origin": [13, 8, 9.5]},
			"faces": {
				"north": {"uv": [2, 6, 3.33333, 8], "texture": "#0"},
				"east": {"uv": [6.66667, 8, 7.33333, 10], "texture": "#0"},
				"south": {"uv": [3.33333, 6, 4.66667, 8], "texture": "#0"},
				"west": {"uv": [8.66667, 3.33333, 9.33333, 5.33333], "texture": "#0"},
				"up": {"uv": [11.33333, 4.66667, 10, 5.33333], "texture": "#0"},
				"down": {"uv": [11.33333, 5.33333, 10, 4.66667], "texture": "#0"}
			}
		},
		{
			"from": [9, 5, 10],
			"to": [13, 11, 12],
			"rotation": {"angle": 22.5, "axis": "y", "origin": [13, 8, 9.5]},
			"faces": {
				"north": {"uv": [6, 6, 7.33333, 8], "texture": "#0"},
				"east": {"uv": [8.66667, 7.33333, 9.33333, 9.33333], "texture": "#0"},
				"south": {"uv": [6, 6, 4.66667, 8], "texture": "#0"},
				"west": {"uv": [9.33333, 7.33333, 8.66667, 9.33333], "texture": "#0"},
				"up": {"uv": [11, 1.33333, 9.66667, 2], "texture": "#0"},
				"down": {"uv": [11, 2, 9.66667, 1.33333], "texture": "#0"}
			}
		},
		{
			"from": [7, 6, 7],
			"to": [9, 10, 9],
			"rotation": {"angle": 22.5, "axis": "y", "origin": [13, 8, 9.5]},
			"faces": {
				"north": {"uv": [11.33333, 2.66667, 12, 4], "texture": "#0"},
				"east": {"uv": [10, 3.33333, 10.66667, 4.66667], "texture": "#0"},
				"south": {"uv": [4, 10, 4.66667, 11.33333], "texture": "#0"},
				"west": {"uv": [4.66667, 10, 5.33333, 11.33333], "texture": "#0"},
				"up": {"uv": [2, 8, 1.33333, 7.33333], "texture": "#0"},
				"down": {"uv": [10, 10.33333, 9.33333, 11], "texture": "#0"}
			}
		},
		{
			"from": [7, 5.65, 9],
			"to": [9, 10.4, 11],
			"rotation": {"angle": 22.5, "axis": "y", "origin": [13, 7.65, 9.5]},
			"faces": {
				"north": {"uv": [10.66667, 6.66667, 10, 8], "texture": "#0"},
				"east": {"uv": [7.33333, 10, 6.66667, 11.33333], "texture": "#0"},
				"south": {"uv": [10.66667, 5.33333, 10, 6.66667], "texture": "#0"},
				"west": {"uv": [10.66667, 8, 10, 9.33333], "texture": "#0"},
				"up": {"uv": [11.33333, 2.66667, 10.66667, 3.33333], "texture": "#0"},
				"down": {"uv": [11.33333, 3.33333, 10.66667, 2.66667], "texture": "#0"}
			}
		},
		{
			"from": [13, 11, 4],
			"to": [21, 11, 12],
			"rotation": {"angle": 22.5, "axis": "z", "origin": [13, 11, 8]},
			"faces": {
				"north": {"uv": [0, 0, 2.66667, 0], "texture": "#0"},
				"east": {"uv": [0, 0, 2, 0], "texture": "#0"},
				"south": {"uv": [0, 0, 2.66667, 0], "texture": "#0"},
				"west": {"uv": [0, 0, 2, 0], "texture": "#0"},
				"up": {"uv": [2.66667, 5.66667, 0, 3], "texture": "#0"},
				"down": {"uv": [2.66667, 3, 0, 5.66667], "texture": "#0"}
			}
		},
		{
			"from": [13, 5, 4],
			"to": [21, 5, 12],
			"rotation": {"angle": -22.5, "axis": "z", "origin": [13, 5, 8]},
			"faces": {
				"north": {"uv": [0, 0, 2.66667, 0], "texture": "#0"},
				"east": {"uv": [0, 0, 2, 0], "texture": "#0"},
				"south": {"uv": [0, 0, 2.66667, 0], "texture": "#0"},
				"west": {"uv": [0, 0, 2, 0], "texture": "#0"},
				"up": {"uv": [2.66667, 5.66667, 0, 3], "texture": "#0"},
				"down": {"uv": [2.66667, 3, 0, 5.66667], "texture": "#0"}
			}
		},
		{
			"from": [9.75, 9.25, -1.25],
			"to": [19.75, 9.25, 4.75],
			"rotation": {"angle": 22.5, "axis": "z", "origin": [11.75, 9.25, 1.75]},
			"faces": {
				"north": {"uv": [0, 0, 3.33333, 0], "texture": "#0"},
				"east": {"uv": [0, 0, 1.66667, 0], "texture": "#0"},
				"south": {"uv": [0, 0, 3.33333, 0], "texture": "#0"},
				"west": {"uv": [0, 0, 1.66667, 0], "texture": "#0"},
				"up": {"uv": [3.33333, 2, 0, 0], "texture": "#0"},
				"down": {"uv": [3.33333, 0, 0, 1.66667], "texture": "#0"}
			}
		},
		{
			"from": [9.75, 6.75, -1.25],
			"to": [19.75, 6.75, 4.75],
			"rotation": {"angle": -22.5, "axis": "z", "origin": [11.75, 6.75, 1.75]},
			"faces": {
				"north": {"uv": [0, 0, 3.33333, 0], "texture": "#0"},
				"east": {"uv": [0, 0, 1.66667, 0], "texture": "#0"},
				"south": {"uv": [0, 0, 3.33333, 0], "texture": "#0"},
				"west": {"uv": [0, 0, 1.66667, 0], "texture": "#0"},
				"up": {"uv": [3.33333, 2, 0, 0], "texture": "#0"},
				"down": {"uv": [3.33333, 0, 0, 2], "texture": "#0"}
			}
		},
		{
			"from": [15, 5.9, 5.9],
			"to": [18, 10.1, 10.1],
			"rotation": {"angle": 0, "axis": "y", "origin": [15, 7, 7]},
			"faces": {
				"north": {"uv": [16, 14.68333, 15, 16], "texture": "#0"},
				"east": {"uv": [11, 12.66667, 12.4, 14.06667], "texture": "#0"},
				"south": {"uv": [15, 14.68333, 16, 16], "texture": "#0"},
				"west": {"uv": [11.68333, 13.35, 12.66667, 14.66667], "texture": "#0"},
				"up": {"uv": [14, 14.68333, 15, 16], "texture": "#0"},
				"down": {"uv": [14, 14.68333, 15, 16], "texture": "#0"}
			}
		}
	],
	"display": {
		"thirdperson_righthand": {
			"rotation": [0, -90, 0],
			"translation": [0, -2, -3.5]
		},
		"thirdperson_lefthand": {
			"rotation": [0, -90, -180],
			"translation": [0, -2, -3.5]
		},
		"firstperson_righthand": {
			"rotation": [20, -78, -21],
			"translation": [-0.75, 3.5, -2.5],
			"scale": [0.73, 0.73, 0.73]
		},
		"firstperson_lefthand": {
			"rotation": [-160, -103, -21],
			"translation": [-0.75, 3.5, -2.5],
			"scale": [0.73, 0.73, 0.73]
		},
		"ground": {
			"translation": [-2.5, 2, 0],
			"scale": [0.5, 0.5, 0.5]
		},
		"gui": {
			"rotation": [90, -27, 0],
			"translation": [-4.25, 1, 0],
			"scale": [0.8, 0.8, 0.8]
		},
		"head": {
			"rotation": [90, 0, 90],
			"translation": [0, 0, -9.75],
			"scale": [4, 2.66, 2.03]
		},
		"fixed": {
			"rotation": [90, -54, 0],
			"translation": [-4.5, 4, 1.25]
		}
	}
}