{
	"credit": "Made with Blockbench",
	"texture_size": [64, 64],
	"textures": {
		"1": "cataclysm:item/void_forge",
		"particle": "cataclysm:item/void_forge"
	},
	"elements": [
		{
			"from": [6, -8, 6],
			"to": [10, -6, 10],
			"rotation": {"angle": 0, "axis": "y", "origin": [7, -9, 7]},
			"faces": {
				"north": {"uv": [5, 1, 6, 1.5], "texture": "#1"},
				"east": {"uv": [5, 1.5, 6, 2], "texture": "#1"},
				"south": {"uv": [5, 3.5, 6, 4], "texture": "#1"},
				"west": {"uv": [5, 3, 6, 3.5], "texture": "#1"},
				"up": {"uv": [6, 1, 5, 0], "texture": "#1"},
				"down": {"uv": [6, 2, 5, 3], "texture": "#1"}
			}
		},
		{
			"from": [6, 2, 6],
			"to": [10, 4, 10],
			"rotation": {"angle": 0, "axis": "y", "origin": [7, 1, 7]},
			"faces": {
				"north": {"uv": [5, 1, 6, 1.5], "texture": "#1"},
				"east": {"uv": [5, 1.5, 6, 2], "texture": "#1"},
				"south": {"uv": [5, 3.5, 6, 4], "texture": "#1"},
				"west": {"uv": [5, 3, 6, 3.5], "texture": "#1"},
				"up": {"uv": [6, 1, 5, 0], "texture": "#1"},
				"down": {"uv": [6, 2, 5, 3], "texture": "#1"}
			}
		},
		{
			"from": [6, 7, 6],
			"to": [10, 9, 10],
			"rotation": {"angle": 0, "axis": "y", "origin": [7, 6, 7]},
			"faces": {
				"north": {"uv": [5, 1, 6, 1.5], "texture": "#1"},
				"east": {"uv": [5, 1.5, 6, 2], "texture": "#1"},
				"south": {"uv": [5, 3.5, 6, 4], "texture": "#1"},
				"west": {"uv": [5, 3, 6, 3.5], "texture": "#1"},
				"up": {"uv": [6, 1, 5, 0], "texture": "#1"},
				"down": {"uv": [6, 2, 5, 3], "texture": "#1"}
			}
		},
		{
			"from": [6.5, -9, 6.5],
			"to": [9.5, 17, 9.5],
			"rotation": {"angle": 0, "axis": "y", "origin": [7, 1, 7]},
			"faces": {
				"north": {"uv": [2.75, 0, 3.5, 6.5], "texture": "#1"},
				"east": {"uv": [2, 0, 2.75, 6.5], "texture": "#1"},
				"south": {"uv": [4.25, 0, 5, 6.5], "texture": "#1"},
				"west": {"uv": [3.5, 0, 4.25, 6.5], "texture": "#1"}
			}
		},
		{
			"from": [7, -9, 7],
			"to": [9, 17, 9],
			"rotation": {"angle": 0, "axis": "y", "origin": [7, 1, 7]},
			"faces": {
				"north": {"uv": [0.5, 0, 1, 6.5], "texture": "#1"},
				"east": {"uv": [0, 0, 0.5, 6.5], "texture": "#1"},
				"south": {"uv": [1.5, 0, 2, 6.5], "texture": "#1"},
				"west": {"uv": [1, 0, 1.5, 6.5], "texture": "#1"},
				"up": {"uv": [0.5, 7, 0, 6.5], "texture": "#1"},
				"down": {"uv": [1, 6.5, 0.5, 7], "texture": "#1"}
			}
		},
		{
			"from": [8.25, 10, -2.5],
			"to": [8.25, 12, 6.5],
			"rotation": {"angle": 22.5, "axis": "y", "origin": [8.25, 12.5, 6.5]},
			"faces": {
				"east": {"uv": [7.25, 0.75, 9.5, 1.25], "texture": "#1"},
				"west": {"uv": [9.5, 0.75, 7.25, 1.25], "texture": "#1"}
			}
		},
		{
			"from": [8, 12.5, -2.5],
			"to": [8, 15.5, 6.5],
			"rotation": {"angle": -22.5, "axis": "y", "origin": [8, 14, 6.5]},
			"faces": {
				"east": {"uv": [7.25, 0, 9.5, 0.75], "texture": "#1"},
				"west": {"uv": [9.5, 0, 7.25, 0.75], "texture": "#1"}
			}
		},
		{
			"from": [5, 19, 5.5],
			"to": [11, 30, 10.5],
			"rotation": {"angle": 0, "axis": "y", "origin": [7, 19, 7]},
			"faces": {
				"north": {"uv": [7.75, 2.25, 9, 5], "texture": "#1"},
				"east": {"uv": [9, 2.25, 10.25, 5], "texture": "#1"},
				"south": {"uv": [9, 2.25, 7.75, 5], "texture": "#1"},
				"west": {"uv": [9, 2.25, 10.25, 5], "texture": "#1"},
				"up": {"uv": [9, 6.25, 7.75, 5], "texture": "#1"},
				"down": {"uv": [10.25, 5, 9, 6.25], "texture": "#1"}
			}
		},
		{
			"from": [8, 16, -3],
			"to": [8, 32, 19],
			"rotation": {"angle": 0, "axis": "y", "origin": [7, 19, 7]},
			"faces": {
				"east": {"uv": [5.5, 7, 0, 11], "texture": "#1"},
				"west": {"uv": [0, 7, 5.5, 11], "texture": "#1"}
			}
		},
		{
			"from": [6.5, 16, 6.5],
			"to": [9.5, 19, 9.5],
			"rotation": {"angle": 0, "axis": "y", "origin": [7, 11, 7]},
			"faces": {
				"north": {"uv": [6, 3, 6.75, 3.75], "texture": "#1"},
				"east": {"uv": [6, 0.75, 6.75, 1.5], "texture": "#1"},
				"south": {"uv": [6, 3.75, 6.75, 4.5], "texture": "#1"},
				"west": {"uv": [6, 1.5, 6.75, 2.25], "texture": "#1"},
				"up": {"uv": [6.75, 0.75, 6, 0], "texture": "#1"},
				"down": {"uv": [6.75, 2.25, 6, 3], "texture": "#1"}
			}
		},
		{
			"from": [6, 20, 3],
			"to": [10, 29, 6],
			"rotation": {"angle": 0, "axis": "y", "origin": [7, 19, 7]},
			"faces": {
				"east": {"uv": [10.25, 0, 9.5, 2.25], "texture": "#1"},
				"west": {"uv": [9.5, 0, 10.25, 2.25], "texture": "#1"},
				"up": {"uv": [11.25, 4.5, 10.25, 3.75], "texture": "#1"},
				"down": {"uv": [11.25, 0, 10.25, 0.75], "texture": "#1"}
			}
		},
		{
			"from": [6, 20, 10],
			"to": [10, 29, 13],
			"rotation": {"angle": 0, "axis": "y", "origin": [7, 19, 14]},
			"faces": {
				"east": {"uv": [9.5, 0, 10.25, 2.25], "texture": "#1"},
				"west": {"uv": [10.25, 0, 9.5, 2.25], "texture": "#1"},
				"up": {"uv": [11.25, 3.75, 10.25, 4.5], "texture": "#1"},
				"down": {"uv": [11.25, 0.75, 10.25, 0], "texture": "#1"}
			}
		},
		{
			"from": [4, 19, 13],
			"to": [12, 30, 17],
			"rotation": {"angle": 0, "axis": "y", "origin": [7, 19, 17]},
			"faces": {
				"north": {"uv": [11.25, 1, 13.25, 3.75], "texture": "#1"},
				"east": {"uv": [10.25, 1, 11.25, 3.75], "texture": "#1"},
				"south": {"uv": [11.25, 4.75, 13.25, 7.5], "texture": "#1"},
				"west": {"uv": [10.25, 4.75, 11.25, 7.5], "texture": "#1"},
				"up": {"uv": [13.25, 1, 11.25, 0], "texture": "#1"},
				"down": {"uv": [13.25, 3.75, 11.25, 4.75], "texture": "#1"}
			}
		},
		{
			"from": [4, 19, -1],
			"to": [12, 30, 3],
			"rotation": {"angle": 0, "axis": "y", "origin": [7, 19, 3]},
			"faces": {
				"north": {"uv": [11.25, 4.75, 13.25, 7.5], "texture": "#1"},
				"east": {"uv": [11.25, 1, 10.25, 3.75], "texture": "#1"},
				"south": {"uv": [11.25, 1, 13.25, 3.75], "texture": "#1"},
				"west": {"uv": [11.25, 4.75, 10.25, 7.5], "texture": "#1"},
				"up": {"uv": [13.25, 0, 11.25, 1], "texture": "#1"},
				"down": {"uv": [13.25, 4.75, 11.25, 3.75], "texture": "#1"}
			}
		},
		{
			"from": [3, 17, 17],
			"to": [13, 32, 18],
			"rotation": {"angle": 0, "axis": "y", "origin": [7, 19, 17]},
			"faces": {
				"north": {"uv": [16, 0.25, 13.5, 4], "texture": "#1"},
				"east": {"uv": [13.25, 4.25, 13.5, 8], "texture": "#1"},
				"south": {"uv": [16, 4.25, 13.5, 8], "texture": "#1"},
				"west": {"uv": [13.25, 0.25, 13.5, 4], "texture": "#1"},
				"up": {"uv": [16, 4.25, 13.5, 4], "texture": "#1"},
				"down": {"uv": [16, 0, 13.5, 0.25], "texture": "#1"}
			}
		},
		{
			"from": [3, 17, -2],
			"to": [13, 32, -1],
			"rotation": {"angle": 0, "axis": "y", "origin": [7, 19, -2]},
			"faces": {
				"north": {"uv": [13.5, 4.25, 16, 8], "texture": "#1"},
				"east": {"uv": [13.25, 4.25, 13.5, 8], "texture": "#1"},
				"south": {"uv": [13.5, 0.25, 16, 4], "texture": "#1"},
				"west": {"uv": [13.25, 0.25, 13.5, 4], "texture": "#1"},
				"up": {"uv": [16, 4.25, 13.5, 4], "texture": "#1"},
				"down": {"uv": [16, 0, 13.5, 0.25], "texture": "#1"}
			}
		},
		{
			"from": [6, -16, 8],
			"to": [10, -8, 8],
			"rotation": {"angle": 22.5, "axis": "y", "origin": [8, -12, 8]},
			"faces": {
				"north": {"uv": [7.75, 1.25, 6.75, 3.25], "texture": "#1"},
				"south": {"uv": [6.75, 1.25, 7.75, 3.25], "texture": "#1"}
			}
		},
		{
			"from": [7, 29.5, 7],
			"to": [9, 31.5, 9],
			"rotation": {"angle": 0, "axis": "y", "origin": [7, 29.5, 7]},
			"faces": {
				"north": {"uv": [7.25, 3.75, 7.75, 4.25], "texture": "#1"},
				"east": {"uv": [6.75, 3.75, 7.25, 4.25], "texture": "#1"},
				"south": {"uv": [7.25, 4.25, 7.75, 4.75], "texture": "#1"},
				"west": {"uv": [6.75, 4.25, 7.25, 4.75], "texture": "#1"},
				"up": {"uv": [7.25, 3.75, 6.75, 3.25], "texture": "#1"},
				"down": {"uv": [7.75, 3.25, 7.25, 3.75], "texture": "#1"}
			}
		},
		{
			"from": [4.25, 25, -4.5],
			"to": [6.25, 27, -1.5],
			"rotation": {"angle": 45, "axis": "y", "origin": [5.25, 26, -3]},
			"faces": {
				"north": {"uv": [6.5, 7, 7, 7.5], "texture": "#1"},
				"east": {"uv": [5.5, 7.75, 6.25, 8.25], "texture": "#1"},
				"west": {"uv": [6.25, 8.25, 5.5, 8.75], "texture": "#1"},
				"up": {"uv": [6, 7.75, 5.5, 7], "texture": "#1"},
				"down": {"uv": [6.5, 7, 6, 7.75], "texture": "#1"}
			}
		},
		{
			"from": [10, 28.25, -3.75],
			"to": [12, 30.25, -0.75],
			"rotation": {"angle": -45, "axis": "y", "origin": [11, 29.25, -2.25]},
			"faces": {
				"north": {"uv": [6.5, 7, 7, 7.5], "texture": "#1"},
				"east": {"uv": [5.5, 8.25, 6.25, 8.75], "texture": "#1"},
				"west": {"uv": [6.25, 7.75, 5.5, 8.25], "texture": "#1"},
				"up": {"uv": [6, 7.75, 5.5, 7], "texture": "#1"},
				"down": {"uv": [6.5, 7, 6, 7.75], "texture": "#1"}
			}
		},
		{
			"from": [8.75, 22.25, -4.5],
			"to": [10.75, 24.25, -1.5],
			"rotation": {"angle": -22.5, "axis": "y", "origin": [9.75, 23.25, -3]},
			"faces": {
				"north": {"uv": [6.5, 7, 7, 7.5], "texture": "#1"},
				"east": {"uv": [5.5, 7.75, 6.25, 8.25], "texture": "#1"},
				"west": {"uv": [6.25, 8.25, 5.5, 8.75], "texture": "#1"},
				"up": {"uv": [6, 7.75, 5.5, 7], "texture": "#1"},
				"down": {"uv": [6.5, 7, 6, 7.75], "texture": "#1"}
			}
		},
		{
			"from": [6.5, 23.75, -6],
			"to": [8.5, 25.75, -2],
			"rotation": {"angle": -22.5, "axis": "z", "origin": [7.5, 24.75, -4]},
			"faces": {
				"north": {"uv": [5.5, 6.5, 6, 7], "texture": "#1"},
				"east": {"uv": [6, 6.5, 7, 7], "texture": "#1"},
				"west": {"uv": [6, 6, 7, 6.5], "texture": "#1"},
				"up": {"uv": [7.5, 7.25, 7, 6.25], "texture": "#1"},
				"down": {"uv": [8, 6.25, 7.5, 7.25], "texture": "#1"}
			}
		},
		{
			"from": [7.5, 25.5, -5],
			"to": [10.5, 28.5, -2],
			"rotation": {"angle": 45, "axis": "z", "origin": [9, 27, -3.5]},
			"faces": {
				"north": {"uv": [7, 8, 7.75, 8.75], "rotation": 270, "texture": "#1"},
				"east": {"uv": [7.75, 8, 7, 7.25], "rotation": 90, "texture": "#1"},
				"west": {"uv": [8.5, 7.25, 7.75, 8], "rotation": 90, "texture": "#1"},
				"up": {"uv": [7.75, 8, 8.5, 8.75], "rotation": 90, "texture": "#1"},
				"down": {"uv": [6.25, 8, 7, 8.75], "rotation": 90, "texture": "#1"}
			}
		},
		{
			"from": [6, 20.25, -3.25],
			"to": [9, 23.25, -0.25],
			"rotation": {"angle": 22.5, "axis": "z", "origin": [7.5, 21.75, -1.75]},
			"faces": {
				"north": {"uv": [7, 8, 7.75, 8.75], "texture": "#1"},
				"east": {"uv": [6.25, 8, 7, 8.75], "texture": "#1"},
				"west": {"uv": [7.75, 8, 8.5, 8.75], "texture": "#1"},
				"up": {"uv": [7.75, 8, 7, 7.25], "texture": "#1"},
				"down": {"uv": [8.5, 7.25, 7.75, 8], "texture": "#1"}
			}
		},
		{
			"from": [5.5, 29, -3.5],
			"to": [7.5, 31, -1.5],
			"rotation": {"angle": 22.5, "axis": "x", "origin": [6.5, 30, -2.5]},
			"faces": {
				"north": {"uv": [8.5, 8.25, 9, 8.75], "texture": "#1"},
				"east": {"uv": [8.5, 6.25, 9, 6.75], "texture": "#1"},
				"west": {"uv": [8.5, 7.25, 9, 7.75], "texture": "#1"},
				"up": {"uv": [9, 8.25, 8.5, 7.75], "texture": "#1"},
				"down": {"uv": [9, 6.75, 8.5, 7.25], "texture": "#1"}
			}
		},
		{
			"from": [4.5, 20.75, -4],
			"to": [6.5, 22.75, -2],
			"rotation": {"angle": 22.5, "axis": "y", "origin": [5.5, 21.75, -3]},
			"faces": {
				"north": {"uv": [8.5, 8.25, 9, 8.75], "texture": "#1"},
				"east": {"uv": [8.5, 6.25, 9, 6.75], "texture": "#1"},
				"west": {"uv": [8.5, 7.25, 9, 7.75], "texture": "#1"},
				"up": {"uv": [9, 8.25, 8.5, 7.75], "texture": "#1"},
				"down": {"uv": [9, 6.75, 8.5, 7.25], "texture": "#1"}
			}
		},
		{
			"from": [9.5, 19.25, -4],
			"to": [11.5, 21.25, -2],
			"rotation": {"angle": -22.5, "axis": "z", "origin": [10.5, 20.25, -3]},
			"faces": {
				"north": {"uv": [8.5, 8.25, 9, 8.75], "texture": "#1"},
				"east": {"uv": [8.5, 6.25, 9, 6.75], "texture": "#1"},
				"west": {"uv": [8.5, 7.25, 9, 7.75], "texture": "#1"},
				"up": {"uv": [9, 8.25, 8.5, 7.75], "texture": "#1"},
				"down": {"uv": [9, 6.75, 8.5, 7.25], "texture": "#1"}
			}
		},
		{
			"from": [6.5, 18.25, -4.5],
			"to": [8.5, 20.25, -1.5],
			"rotation": {"angle": 22.5, "axis": "x", "origin": [7.5, 19.25, -3]},
			"faces": {
				"north": {"uv": [6.5, 7, 7, 7.5], "texture": "#1"},
				"east": {"uv": [5.5, 7.75, 6.25, 8.25], "texture": "#1"},
				"west": {"uv": [6.25, 8.25, 5.5, 8.75], "texture": "#1"},
				"up": {"uv": [6, 7.75, 5.5, 7], "texture": "#1"},
				"down": {"uv": [6.5, 7, 6, 7.75], "texture": "#1"}
			}
		},
		{
			"from": [9.75, 25, 16.75],
			"to": [11.75, 27, 19.75],
			"rotation": {"angle": 45, "axis": "y", "origin": [10.75, 26, 18.25]},
			"faces": {
				"east": {"uv": [6.25, 8.25, 5.5, 8.75], "texture": "#1"},
				"south": {"uv": [6.5, 7, 7, 7.5], "texture": "#1"},
				"west": {"uv": [5.5, 7.75, 6.25, 8.25], "texture": "#1"},
				"up": {"uv": [6, 7, 5.5, 7.75], "texture": "#1"},
				"down": {"uv": [6.5, 7.75, 6, 7], "texture": "#1"}
			}
		},
		{
			"from": [4, 28.25, 16.75],
			"to": [6, 30.25, 19.75],
			"rotation": {"angle": -45, "axis": "y", "origin": [5, 29.25, 18.25]},
			"faces": {
				"east": {"uv": [6.25, 7.75, 5.5, 8.25], "texture": "#1"},
				"south": {"uv": [6.5, 7, 7, 7.5], "texture": "#1"},
				"west": {"uv": [5.5, 8.25, 6.25, 8.75], "texture": "#1"},
				"up": {"uv": [6, 7, 5.5, 7.75], "texture": "#1"},
				"down": {"uv": [6.5, 7.75, 6, 7], "texture": "#1"}
			}
		},
		{
			"from": [5.25, 22.25, 17.25],
			"to": [7.25, 24.25, 20.25],
			"rotation": {"angle": -22.5, "axis": "y", "origin": [6.25, 23.25, 18.75]},
			"faces": {
				"east": {"uv": [6.25, 8.25, 5.5, 8.75], "texture": "#1"},
				"south": {"uv": [6.5, 7, 7, 7.5], "texture": "#1"},
				"west": {"uv": [5.5, 7.75, 6.25, 8.25], "texture": "#1"},
				"up": {"uv": [6, 7, 5.5, 7.75], "texture": "#1"},
				"down": {"uv": [6.5, 7.75, 6, 7], "texture": "#1"}
			}
		},
		{
			"from": [7.5, 23.75, 17.25],
			"to": [9.5, 25.75, 21.25],
			"rotation": {"angle": 22.5, "axis": "z", "origin": [8.5, 24.75, 19.25]},
			"faces": {
				"east": {"uv": [6, 6, 7, 6.5], "texture": "#1"},
				"south": {"uv": [5.5, 6.5, 6, 7], "texture": "#1"},
				"west": {"uv": [6, 6.5, 7, 7], "texture": "#1"},
				"up": {"uv": [7.5, 6.25, 7, 7.25], "texture": "#1"},
				"down": {"uv": [8, 7.25, 7.5, 6.25], "texture": "#1"}
			}
		},
		{
			"from": [5.5, 25.5, 17.25],
			"to": [8.5, 28.5, 20.25],
			"rotation": {"angle": -45, "axis": "z", "origin": [7, 27, 18.75]},
			"faces": {
				"east": {"uv": [7.75, 8, 8.5, 7.25], "rotation": 90, "texture": "#1"},
				"south": {"uv": [7.75, 8.75, 7, 8], "rotation": 90, "texture": "#1"},
				"west": {"uv": [7, 7.25, 7.75, 8], "rotation": 90, "texture": "#1"},
				"up": {"uv": [8.5, 8, 7.75, 8.75], "rotation": 90, "texture": "#1"},
				"down": {"uv": [7, 8, 6.25, 8.75], "rotation": 90, "texture": "#1"}
			}
		},
		{
			"from": [7, 20.25, 16],
			"to": [10, 23.25, 19],
			"rotation": {"angle": -22.5, "axis": "z", "origin": [8.5, 21.75, 17.5]},
			"faces": {
				"east": {"uv": [7.75, 8, 8.5, 8.75], "texture": "#1"},
				"south": {"uv": [7, 8, 7.75, 8.75], "texture": "#1"},
				"west": {"uv": [6.25, 8, 7, 8.75], "texture": "#1"},
				"up": {"uv": [7.75, 7.25, 7, 8], "texture": "#1"},
				"down": {"uv": [8.5, 8, 7.75, 7.25], "texture": "#1"}
			}
		},
		{
			"from": [8.5, 29, 17.5],
			"to": [10.5, 31, 19.5],
			"rotation": {"angle": -22.5, "axis": "x", "origin": [9.5, 30, 18.5]},
			"faces": {
				"east": {"uv": [8.5, 7.25, 9, 7.75], "texture": "#1"},
				"south": {"uv": [8.5, 8.25, 9, 8.75], "texture": "#1"},
				"west": {"uv": [8.5, 6.25, 9, 6.75], "texture": "#1"},
				"up": {"uv": [9, 7.75, 8.5, 8.25], "texture": "#1"},
				"down": {"uv": [9, 7.25, 8.5, 6.75], "texture": "#1"}
			}
		},
		{
			"from": [9.5, 20.75, 17.5],
			"to": [11.5, 22.75, 19.5],
			"rotation": {"angle": 22.5, "axis": "y", "origin": [10.5, 21.75, 18.5]},
			"faces": {
				"east": {"uv": [8.5, 7.25, 9, 7.75], "texture": "#1"},
				"south": {"uv": [8.5, 8.25, 9, 8.75], "texture": "#1"},
				"west": {"uv": [8.5, 6.25, 9, 6.75], "texture": "#1"},
				"up": {"uv": [9, 7.75, 8.5, 8.25], "texture": "#1"},
				"down": {"uv": [9, 7.25, 8.5, 6.75], "texture": "#1"}
			}
		},
		{
			"from": [4.5, 19.25, 17.75],
			"to": [6.5, 21.25, 19.75],
			"rotation": {"angle": 22.5, "axis": "z", "origin": [5.5, 20.25, 18.75]},
			"faces": {
				"east": {"uv": [8.5, 7.25, 9, 7.75], "texture": "#1"},
				"south": {"uv": [8.5, 8.25, 9, 8.75], "texture": "#1"},
				"west": {"uv": [8.5, 6.25, 9, 6.75], "texture": "#1"},
				"up": {"uv": [9, 7.75, 8.5, 8.25], "texture": "#1"},
				"down": {"uv": [9, 7.25, 8.5, 6.75], "texture": "#1"}
			}
		},
		{
			"from": [7.5, 18.25, 17.25],
			"to": [9.5, 20.25, 20.25],
			"rotation": {"angle": -22.5, "axis": "x", "origin": [8.5, 19.25, 18.75]},
			"faces": {
				"east": {"uv": [6.25, 8.25, 5.5, 8.75], "texture": "#1"},
				"south": {"uv": [6.5, 7, 7, 7.5], "texture": "#1"},
				"west": {"uv": [5.5, 7.75, 6.25, 8.25], "texture": "#1"},
				"up": {"uv": [6, 7, 5.5, 7.75], "texture": "#1"},
				"down": {"uv": [6.5, 7.75, 6, 7], "texture": "#1"}
			}
		}
	],
	"display": {
		"thirdperson_righthand": {
			"translation": [0.25, 5.5, 1.5],
			"scale": [0.75, 0.75, 0.75]
		},
		"thirdperson_lefthand": {
			"translation": [0.25, 5.5, 1.5],
			"scale": [0.75, 0.75, 0.75]
		},
		"firstperson_righthand": {
			"rotation": [-15, 15, -2.5],
			"translation": [1.75, 0.25, -0.25],
			"scale": [0.5, 0.5, 0.5]
		},
		"firstperson_lefthand": {
			"rotation": [-15, 15, 2.5],
			"translation": [1.75, 0.25, -0.25],
			"scale": [0.5, 0.5, 0.5]
		},
		"ground": {
			"rotation": [180, 0, 0],
			"translation": [0, 8.5, 0],
			"scale": [0.5, 0.5, 0.5]
		},
		"gui": {
			"rotation": [-90, -55, -88],
			"translation": [-1.5, -0.25, 0],
			"scale": [0.37, 0.37, 0.37]
		},
		"fixed": {
			"rotation": [162.37, 81.98, -167.5],
			"translation": [0, -1, -1.5],
			"scale": [0.5, 0.5, 0.5]
		}
	},
	"groups": [
		0,
		1,
		2,
		3,
		4,
		5,
		6,
		7,
		8,
		9,
		10,
		11,
		12,
		13,
		14,
		15,
		16,
		17,
		{
			"name": "group",
			"origin": [6.5, 18.25, -5],
			"color": 0,
			"children": []
		},
		18,
		19,
		20,
		21,
		22,
		23,
		24,
		25,
		26,
		27,
		28,
		29,
		30,
		31,
		32,
		33,
		34,
		35,
		36,
		37
	]
}